fc	pk	ak	state	client_ip	active_time
tn1czr	15k4eg6e	c0cbf11e3e9b	ACTIVATED	115.194.10.49	2024-02-20T02:24:57.000Z
tn1czr	15k4eg6e	c0cbf11e3e9e	ACTIVATED	112.17.238.73	2024-03-14T04:22:27.000Z
tn1czr	15k4eg6e	c0cbf11e3ec9	ACTIVATED	183.136.152.218	2024-02-23T03:04:13.000Z
tn1czr	15k4eg6e	c0cbf11e3f4b	ACTIVATED	223.104.161.212	2024-03-05T08:44:46.000Z
tn1czr	15k4eg6e	c0cbf11e3e9d	ACTIVATED	61.153.149.52	2024-01-08T03:36:51.000Z
tn1czr	15k4eg6e	c0cbf11e3ee1	ACTIVATED	112.245.17.74	2024-02-24T10:41:38.000Z
tn1czr	15k4eg6e	c0cbf11e3ea8	ACTIVATED	61.153.149.52	2024-03-18T08:08:32.000Z
tn1czr	15k4eg6e	c0cbf11e3ebb	ACTIVATED	61.153.149.52	2024-05-13T07:31:08.000Z
tn1czr	15k4eg6e	c0cbf11e3f43	ACTIVATED	117.44.180.72	2024-02-21T05:57:07.000Z
tn1czr	15k4eg6e	c0cbf11e3f44	ACTIVATED	61.153.149.52	2024-01-19T02:29:11.000Z
tn1czr	15k4eg6e	c0cbf11e3f45	ACTIVATED	223.11.218.96	2024-02-25T04:34:29.000Z
tn1czr	15k4eg6e	c0cbf11e3ed2	ACTIVATED	221.194.153.69	2024-02-26T04:15:23.000Z
tn1czr	15k4eg6e	c0cbf11e3eb7	ACTIVATED	223.104.161.129	2024-06-25T10:58:03.000Z
tn1czr	15k4eg6e	c0cbf11e3f4e	ACTIVATED	42.53.58.197	2024-05-09T07:07:36.000Z
tn1czr	15k4eg6e	c0cbf11e3ef4	ACTIVATED	223.91.62.28	2024-03-29T09:15:45.000Z
tn1czr	15k4eg6e	c0cbf11e3eec	ACTIVATED	61.153.149.52	2024-01-24T08:16:31.000Z
tn1czr	15k4eg6e	c0cbf11e3f1c	ACTIVATED	223.89.132.19	2024-05-19T11:09:21.000Z
tn1czr	15k4eg6e	c0cbf11e3f0d	ACTIVATED	61.153.149.52	2024-04-16T03:13:07.000Z
tn1czr	15k4eg6e	c0cbf11e3f07	ACTIVATED	218.205.55.162	2024-06-03T07:28:33.000Z
tn1czr	15k4eg6e	c0cbf11e3efd	ACTIVATED	61.153.149.52	2024-01-25T12:04:34.000Z
tn1czr	15k4eg6e	c0cbf11e3efe	ACTIVATED	61.153.149.52	2024-01-17T09:54:24.000Z
tn1czr	15k4eg6e	c0cbf11e3f1d	ACTIVATED	61.153.149.52	2024-01-30T01:03:08.000Z
tn1czr	15k4eg6e	c0cbf11e3f29	ACTIVATED	39.163.218.43	2024-05-03T03:55:18.000Z
tn1czr	15k4eg6e	c0cbf11e3f33	ACTIVATED	61.153.149.52	2024-01-17T06:41:32.000Z
tn1czr	15k4eg6e	c0cbf11e3f3b	ACTIVATED	61.153.149.52	2024-01-17T09:41:38.000Z
tn1czr	15k4eg6e	c0cbf11e3f21	ACTIVATED	61.153.149.52	2024-02-21T02:45:12.000Z
tn1czr	15k4eg6e	c0cbf1feb196	ACTIVATED	61.153.149.52	2024-01-26T02:06:38.000Z
tn1czr	15k4eg6e	c0cbf1feb198	ACTIVATED	61.153.149.52	2024-03-11T02:07:30.000Z
tn1czr	15k4eg6e	c0cbf1feb179	ACTIVATED	61.153.149.52	2024-06-19T08:52:50.000Z
tn1czr	15k4eg6e	c0cbf1feb027	ACTIVATED	61.153.149.52	2023-12-19T08:12:33.000Z
tn1czr	15k4eg6e	c0cbf1feb0db	ACTIVATED	61.153.149.52	2023-12-19T09:27:10.000Z
tn1czr	15k4eg6e	0c8b952ee224	ACTIVATED	61.153.149.52	2024-03-20T07:38:23.000Z
tn1czr	15k4eg6e	0c8b952d8b28	ACTIVATED	223.104.161.67	2024-01-31T06:48:33.000Z
tn1czr	15k4eg6e	0c8b952dbf38	ACTIVATED	58.246.155.29	2024-03-20T11:23:27.000Z
tn1czr	15k4eg6e	0c8b952def7c	ACTIVATED	61.153.149.52	2024-01-03T09:06:01.000Z
tn1czr	15k4eg6e	0c8b952d9a44	ACTIVATED	61.153.149.52	2024-01-30T09:17:03.000Z
tn1czr	15k4eg6e	0c8b952d7ff4	ACTIVATED	124.160.153.126	2024-05-12T07:06:15.000Z
tn1czr	15k4eg6e	c0cbf11e45f5	ACTIVATED	123.149.179.237	2024-06-29T14:27:58.000Z
tn1czr	15k4eg6e	c0cbf11e4601	ACTIVATED	112.39.193.226	2024-04-29T10:45:44.000Z
tn1czr	15k4eg6e	c0cbf11e461a	ACTIVATED	39.163.223.177	2024-05-03T03:16:28.000Z
tn1czr	15k4eg6e	c0cbf11e48e3	ACTIVATED	36.99.91.145	2024-03-30T16:20:57.000Z
tn1czr	15k4eg6e	c0cbf11e48e4	ACTIVATED	120.216.76.160	2024-03-26T11:12:30.000Z
tn1czr	15k4eg6e	c0cbf11e48da	ACTIVATED	223.90.29.6	2024-05-18T02:42:19.000Z
tn1czr	15k4eg6e	c0cbf11e48dd	ACTIVATED	223.90.250.12	2024-04-03T07:09:44.000Z
tn1czr	15k4eg6e	c0cbf11e48cb	ACTIVATED	112.39.24.20	2024-04-09T08:30:42.000Z
tn1czr	15k4eg6e	c0cbf11e48d2	ACTIVATED	115.49.192.173	2024-05-05T01:36:46.000Z
tn1czr	15k4eg6e	c0cbf11e48cc	ACTIVATED	112.47.243.141	2024-04-19T04:34:25.000Z
tn1czr	15k4eg6e	c0cbf11e48d7	ACTIVATED	120.219.99.241	2024-05-19T05:34:01.000Z
tn1czr	15k4eg6e	c0cbf11e4857	ACTIVATED	120.219.238.64	2024-04-30T03:51:46.000Z
tn1czr	15k4eg6e	c0cbf11e476e	ACTIVATED	182.123.152.103	2024-04-08T13:34:32.000Z
tn1czr	15k4eg6e	c0cbf11e4859	ACTIVATED	1.197.233.114	2024-05-21T07:00:04.000Z
tn1czr	15k4eg6e	c0cbf11e4784	ACTIVATED	223.90.223.133	2024-05-23T05:40:29.000Z
tn1czr	15k4eg6e	c0cbf11e4758	ACTIVATED	112.47.171.56	2024-05-06T03:31:58.000Z
tn1czr	15k4eg6e	c0cbf11e4789	ACTIVATED	106.42.117.186	2024-05-27T12:59:04.000Z
tn1czr	15k4eg6e	c0cbf11e48d1	ACTIVATED	120.219.66.20	2024-04-12T03:54:35.000Z
tn1czr	15k4eg6e	c0cbf11e4737	ACTIVATED	115.52.15.167	2024-03-26T02:47:59.000Z
tn1czr	15k4eg6e	c0cbf11e46ef	ACTIVATED	123.12.13.19	2024-06-10T10:20:33.000Z
tn1czr	15k4eg6e	c0cbf11e473a	ACTIVATED	223.89.139.204	2024-04-03T06:30:45.000Z
tn1czr	15k4eg6e	c0cbf11e46ec	ACTIVATED	42.4.203.183	2024-06-29T04:42:40.000Z
tn1czr	15k4eg6e	c0cbf11e4780	ACTIVATED	110.81.39.5	2024-05-31T11:41:09.000Z
tn1czr	15k4eg6e	c0cbf11e4684	ACTIVATED	1.196.164.90	2024-04-08T06:26:27.000Z
tn1czr	15k4eg6e	c0cbf11e4690	ACTIVATED	120.219.141.38	2024-03-27T08:11:54.000Z
tn1czr	15k4eg6e	c0cbf11e468b	ACTIVATED	115.59.174.207	2024-06-17T05:07:11.000Z
tn1czr	15k4eg6e	c0cbf11e4697	ACTIVATED	223.89.217.175	2024-06-09T11:44:25.000Z
tn1czr	15k4eg6e	c0cbf11e4699	ACTIVATED	120.219.79.96	2024-04-02T03:09:18.000Z
tn1czr	15k4eg6e	c0cbf11e4694	ACTIVATED	222.141.90.92	2024-03-29T01:47:21.000Z
tn1czr	15k4eg6e	c0cbf11e467c	ACTIVATED	222.141.91.191	2024-04-22T04:02:32.000Z
tn1czr	15k4eg6e	c0cbf11e467b	ACTIVATED	39.148.136.141	2024-04-28T07:26:48.000Z
tn1czr	15k4eg6e	c0cbf11e466a	ACTIVATED	223.91.8.29	2024-03-28T10:27:24.000Z
tn1czr	15k4eg6e	c0cbf11e4672	ACTIVATED	223.90.239.140	2024-04-08T13:58:33.000Z
tn1czr	15k4eg6e	c0cbf11e46e4	ACTIVATED	223.102.252.205	2024-06-15T04:25:02.000Z
tn1czr	15k4eg6e	c0cbf11e46e5	ACTIVATED	113.239.54.130	2024-06-23T04:06:49.000Z
tn1czr	15k4eg6e	c0cbf11e467a	ACTIVATED	120.219.178.68	2024-04-10T08:59:02.000Z
tn1czr	15k4eg6e	c0cbf11e4733	ACTIVATED	42.226.240.240	2024-05-19T11:37:29.000Z
tn1czr	15k4eg6e	c0cbf11e4731	ACTIVATED	42.58.118.186	2024-04-19T06:45:40.000Z
tn1czr	15k4eg6e	c0cbf11e4724	ACTIVATED	39.149.145.202	2024-03-30T04:08:46.000Z
tn1czr	15k4eg6e	c0cbf11e4729	ACTIVATED	39.163.218.31	2024-05-23T08:58:43.000Z
tn1czr	15k4eg6e	c0cbf11e471d	ACTIVATED	120.243.41.214	2024-05-15T13:16:06.000Z
tn1czr	15k4eg6e	c0cbf11e467f	ACTIVATED	61.176.178.222	2024-05-15T02:00:35.000Z
tn1czr	15k4eg6e	c0cbf11e4670	ACTIVATED	120.216.178.172	2024-04-09T11:59:50.000Z
tn1czr	15k4eg6e	c0cbf11e47c1	ACTIVATED	39.149.150.103	2024-06-18T13:46:35.000Z
tn1czr	15k4eg6e	c0cbf11e466d	ACTIVATED	36.113.114.98	2024-06-12T13:38:27.000Z
tn1czr	15k4eg6e	c0cbf11e4775	ACTIVATED	223.101.183.63	2024-04-25T06:15:09.000Z
tn1czr	15k4eg6e	c0cbf11e46b5	ACTIVATED	1.198.236.135	2024-04-12T06:55:09.000Z
tn1czr	15k4eg6e	c0cbf11e46ad	ACTIVATED	112.40.63.85	2024-06-28T12:22:37.000Z
tn1czr	15k4eg6e	c0cbf11e471a	ACTIVATED	106.46.40.88	2024-05-17T07:05:27.000Z
tn1czr	15k4eg6e	c0cbf11e46d0	ACTIVATED	171.8.216.230	2024-06-17T09:40:16.000Z
tn1czr	15k4eg6e	c0cbf11e46a1	ACTIVATED	39.163.194.71	2024-04-18T09:11:32.000Z
tn1czr	15k4eg6e	c0cbf11e46a6	ACTIVATED	123.161.145.85	2024-03-29T05:47:04.000Z
tn1czr	15k4eg6e	c0cbf11e4691	ACTIVATED	42.234.54.194	2024-05-24T06:34:26.000Z
tn1czr	15k4eg6e	c0cbf11e46a3	ACTIVATED	1.192.208.127	2024-04-05T04:04:18.000Z
tn1czr	15k4eg6e	c0cbf11e45db	ACTIVATED	112.17.238.73	2024-03-07T08:20:21.000Z
tn1czr	15k4eg6e	c0cbf11e468a	ACTIVATED	118.122.137.156	2024-04-18T04:11:42.000Z
tn1czr	15k4eg6e	c0cbf11e46c8	ACTIVATED	42.228.114.12	2024-04-11T06:48:18.000Z
tn1czr	15k4eg6e	c0cbf11e46c4	ACTIVATED	115.52.13.185	2024-04-14T03:13:22.000Z
tn1czr	15k4eg6e	c0cbf11e46e9	ACTIVATED	113.249.33.197	2024-05-12T10:18:21.000Z
tn1czr	15k4eg6e	c0cbf11e46ce	ACTIVATED	223.101.190.37	2024-04-20T08:45:45.000Z
tn1czr	15k4eg6e	c0cbf11e46b6	ACTIVATED	223.101.27.226	2024-05-16T16:58:42.000Z
tn1czr	15k4eg6e	c0cbf11e4689	ACTIVATED	1.198.238.162	2024-05-31T10:21:10.000Z
tn1czr	15k4eg6e	c0cbf11e458a	ACTIVATED	39.151.106.54	2024-06-30T10:41:03.000Z
tn1czr	15k4eg6e	c0cbf11e458d	ACTIVATED	175.149.202.128	2024-06-01T06:24:16.000Z
tn1czr	15k4eg6e	c0cbf11e4951	ACTIVATED	113.228.80.147	2024-05-13T05:57:40.000Z
tn1czr	15k4eg6e	c0cbf11e46c9	ACTIVATED	42.52.214.51	2024-06-11T03:45:37.000Z
tn1czr	15k4eg6e	c0cbf11e4968	ACTIVATED	115.60.111.244	2024-06-29T16:31:26.000Z
tn1czr	15k4eg6e	c0cbf11e4960	ACTIVATED	183.197.146.241	2024-04-04T05:53:07.000Z
tn1czr	15k4eg6e	c0cbf11e4969	ACTIVATED	1.182.251.76	2024-05-06T10:44:12.000Z
tn1czr	15k4eg6e	c0cbf11e496a	ACTIVATED	123.10.145.247	2024-06-01T07:44:25.000Z
tn1czr	15k4eg6e	c0cbf11e4974	ACTIVATED	112.40.144.127	2024-05-12T03:14:07.000Z
tn1czr	15k4eg6e	c0cbf11e4588	ACTIVATED	123.14.224.149	2024-03-19T10:30:05.000Z
tn1czr	15k4eg6e	c0cbf11e4957	ACTIVATED	223.90.48.22	2024-03-23T09:52:20.000Z
tn1czr	15k4eg6e	c0cbf11e4582	ACTIVATED	123.246.178.71	2024-05-04T08:28:00.000Z
tn1czr	15k4eg6e	c0cbf11e496c	ACTIVATED	112.40.156.220	2024-06-09T04:29:46.000Z
tn1czr	15k4eg6e	c0cbf11e460f	ACTIVATED	115.60.44.134	2024-05-13T03:20:03.000Z
tn1czr	15k4eg6e	c0cbf11e457f	ACTIVATED	123.149.32.78	2024-06-13T12:59:31.000Z
tn1czr	15k4eg6e	c0cbf11e4579	ACTIVATED	42.53.239.23	2024-04-22T09:15:54.000Z
tn1czr	15k4eg6e	c0cbf11e45d1	ACTIVATED	42.178.232.120	2024-06-02T02:22:45.000Z
tn1czr	15k4eg6e	c0cbf11e4660	ACTIVATED	39.163.194.38	2024-05-01T07:44:23.000Z
tn1czr	15k4eg6e	c0cbf11e465d	ACTIVATED	223.104.161.85	2024-04-09T11:18:14.000Z
tn1czr	15k4eg6e	c0cbf11e4631	ACTIVATED	171.9.54.53	2024-04-06T00:56:56.000Z
tn1czr	15k4eg6e	c0cbf11e47e4	ACTIVATED	123.10.90.145	2024-04-18T10:41:51.000Z
tn1czr	15k4eg6e	c0cbf11e4802	ACTIVATED	106.42.166.116	2024-06-29T12:09:44.000Z
tn1czr	15k4eg6e	c0cbf11e4646	ACTIVATED	1.197.133.192	2024-05-21T11:26:48.000Z
tn1czr	15k4eg6e	c0cbf11e47d5	ACTIVATED	171.11.214.143	2024-04-07T06:36:05.000Z
tn1czr	15k4eg6e	c0cbf11e47df	ACTIVATED	1.180.4.7	2024-06-14T10:57:12.000Z
tn1czr	15k4eg6e	c0cbf11e47ce	ACTIVATED	120.216.254.237	2024-05-06T08:11:56.000Z
tn1czr	15k4eg6e	c0cbf11e47d1	ACTIVATED	120.219.30.6	2024-05-05T10:42:18.000Z
tn1czr	15k4eg6e	c0cbf11e4820	ACTIVATED	123.161.55.155	2024-05-30T07:12:15.000Z
tn1czr	15k4eg6e	c0cbf11e4818	ACTIVATED	42.239.123.81	2024-04-06T04:38:50.000Z
tn1czr	15k4eg6e	c0cbf11e4618	ACTIVATED	223.91.22.113	2024-05-11T06:58:35.000Z
tn1czr	15k4eg6e	c0cbf11e4824	ACTIVATED	61.153.149.52	2024-03-12T02:19:23.000Z
tn1czr	15k4eg6e	c0cbf11e47ed	ACTIVATED	223.104.161.62	2024-06-08T01:49:45.000Z
tn1czr	15k4eg6e	c0cbf11e4970	ACTIVATED	218.90.238.250	2024-03-05T06:57:26.000Z
tn1czr	15k4eg6e	c0cbf11e4750	ACTIVATED	171.14.77.250	2024-04-29T00:10:27.000Z
tn1czr	15k4eg6e	c0cbf11e4747	ACTIVATED	211.90.251.191	2024-02-24T04:48:53.000Z
tn1czr	15k4eg6e	c0cbf11e4762	ACTIVATED	106.89.169.152	2024-06-27T09:54:59.000Z
tn1czr	15k4eg6e	c0cbf11e476d	ACTIVATED	125.65.150.179	2024-06-09T04:45:04.000Z
tn1czr	15k4eg6e	c0cbf11e47e8	ACTIVATED	223.150.83.245	2024-06-12T01:31:48.000Z
tn1czr	15k4eg6e	c0cbf11e4755	ACTIVATED	106.42.165.181	2024-05-03T13:48:01.000Z
tn1czr	15k4eg6e	c0cbf11e47e9	ACTIVATED	183.217.104.5	2024-04-08T09:36:16.000Z
tn1czr	15k4eg6e	c0cbf11e4841	ACTIVATED	114.99.219.194	2024-03-29T07:54:33.000Z
tn1czr	15k4eg6e	c0cbf11e4836	ACTIVATED	223.101.105.192	2024-05-25T05:44:58.000Z
tn1czr	15k4eg6e	c0cbf11e4807	ACTIVATED	114.224.212.107	2024-03-08T05:42:43.000Z
tn1czr	15k4eg6e	c0cbf11e4827	ACTIVATED	223.160.223.178	2024-03-04T02:51:03.000Z
tn1czr	15k4eg6e	c0cbf11e462c	ACTIVATED	220.166.167.126	2024-06-21T06:33:48.000Z
tn1czr	15k4eg6e	c0cbf11e47d8	ACTIVATED	223.101.182.214	2024-06-21T11:11:35.000Z
tn1czr	15k4eg6e	c0cbf11e473b	ACTIVATED	42.237.238.45	2024-05-28T11:44:23.000Z
tn1czr	15k4eg6e	c0cbf11e464c	ACTIVATED	58.219.86.173	2024-05-30T01:16:28.000Z
tn1czr	15k4eg6e	c0cbf11e4619	ACTIVATED	112.39.63.152	2024-05-31T08:26:09.000Z
tn1czr	15k4eg6e	c0cbf11e476b	ACTIVATED	112.17.238.73	2024-03-04T05:32:14.000Z
tn1czr	15k4eg6e	c0cbf11e473f	ACTIVATED	120.219.73.205	2024-04-19T04:19:03.000Z
tn1czr	15k4eg6e	c0cbf11e4830	ACTIVATED	115.60.65.55	2024-05-31T15:58:04.000Z
tn1czr	15k4eg6e	c0cbf11e48aa	ACTIVATED	182.204.150.102	2024-06-13T07:49:05.000Z
tn1czr	15k4eg6e	c0cbf11e480f	ACTIVATED	123.186.213.64	2024-05-17T01:33:42.000Z
tn1czr	15k4eg6e	c0cbf11e48a6	ACTIVATED	223.102.246.123	2024-06-04T08:46:39.000Z
tn1czr	15k4eg6e	c0cbf11e482f	ACTIVATED	223.104.108.237	2024-05-10T02:00:22.000Z
tn1czr	15k4eg6e	c0cbf11e4837	ACTIVATED	114.244.192.241	2024-06-21T05:40:36.000Z
tn1czr	15k4eg6e	c0cbf11e46ca	ACTIVATED	118.114.215.17	2024-05-15T05:06:18.000Z
tn1czr	15k4eg6e	c0cbf11e457e	ACTIVATED	182.105.179.34	2024-04-10T07:43:43.000Z
tn1czr	15k4eg6e	c0cbf11e480a	ACTIVATED	117.67.149.211	2024-05-19T15:21:49.000Z
tn1czr	15k4eg6e	c0cbf11e4583	ACTIVATED	114.92.7.92	2024-04-17T05:27:26.000Z
tn1czr	15k4eg6e	c0cbf11e46f2	ACTIVATED	120.206.108.147	2024-06-28T01:32:00.000Z
tn1czr	15k4eg6e	c0cbf11e47f2	ACTIVATED	222.209.248.197	2024-05-18T10:50:24.000Z
tn1czr	15k4eg6e	c0cbf11e4886	ACTIVATED	182.96.235.244	2024-06-21T04:19:21.000Z
tn1czr	15k4eg6e	c0cbf11e487f	ACTIVATED	182.145.187.86	2024-06-28T05:16:01.000Z
tn1czr	15k4eg6e	c0cbf11e480e	ACTIVATED	39.144.43.107	2024-03-05T08:02:31.000Z
tn1czr	15k4eg6e	c0cbf11e4804	ACTIVATED	223.104.122.108	2024-04-26T02:34:03.000Z
tn1czr	15k4eg6e	c0cbf11e4884	ACTIVATED	114.220.136.226	2024-06-02T07:27:09.000Z
tn1czr	15k4eg6e	c0cbf11e4853	ACTIVATED	112.111.24.69	2024-04-11T12:21:51.000Z
tn1czr	15k4eg6e	c0cbf11e4899	ACTIVATED	114.103.202.132	2024-04-08T06:49:06.000Z
tn1czr	15k4eg6e	c0cbf11e4897	ACTIVATED	139.201.156.78	2024-06-29T02:19:59.000Z
tn1czr	15k4eg6e	c0cbf11e4777	ACTIVATED	223.87.221.245	2024-05-19T10:23:53.000Z
tn1czr	15k4eg6e	c0cbf11e48a0	ACTIVATED	123.158.254.225	2024-03-05T08:13:11.000Z
tn1czr	15k4eg6e	c0cbf11e4581	ACTIVATED	125.69.124.73	2024-04-09T08:16:38.000Z
tn1czr	15k4eg6e	c0cbf11e4842	ACTIVATED	27.17.86.11	2024-04-18T07:02:49.000Z
tn1czr	15k4eg6e	c0cbf11e48b7	ACTIVATED	36.98.128.0	2024-03-13T04:39:35.000Z
tn1czr	15k4eg6e	c0cbf11e4742	ACTIVATED	27.12.163.40	2024-06-28T01:30:03.000Z
tn1czr	15k4eg6e	c0cbf11e4890	ACTIVATED	36.21.68.145	2024-02-28T07:51:24.000Z
tn1czr	15k4eg6e	c0cbf11e48b5	ACTIVATED	183.227.184.43	2024-06-27T03:50:13.000Z
tn1czr	15k4eg6e	c0cbf11e4852	ACTIVATED	219.153.144.60	2024-06-12T03:44:49.000Z
tn1czr	15k4eg6e	c0cbf11e48b6	ACTIVATED	112.111.193.44	2024-06-16T04:48:22.000Z
tn1czr	15k4eg6e	c0cbf11e46dd	ACTIVATED	106.6.127.239	2024-04-14T04:07:38.000Z
tn1czr	15k4eg6e	c0cbf11e4860	ACTIVATED	183.229.179.93	2024-05-12T06:34:20.000Z
tn1czr	15k4eg6e	c0cbf11e485c	ACTIVATED	110.85.67.1	2024-06-20T06:18:51.000Z
tn1czr	15k4eg6e	c0cbf11e4856	ACTIVATED	39.144.133.234	2024-03-02T05:25:48.000Z
tn1czr	15k4eg6e	c0cbf11e43c2	ACTIVATED	123.245.180.53	2024-06-14T07:13:40.000Z
tn1czr	15k4eg6e	c0cbf11e43df	ACTIVATED	223.102.41.5	2024-04-12T04:41:37.000Z
tn1czr	15k4eg6e	c0cbf11e43e2	ACTIVATED	113.225.113.58	2024-04-22T09:11:53.000Z
tn1czr	15k4eg6e	c0cbf11e43e3	ACTIVATED	223.90.29.14	2024-06-15T09:05:29.000Z
tn1czr	15k4eg6e	c0cbf11e443b	ACTIVATED	120.216.164.119	2024-05-19T03:52:23.000Z
tn1czr	15k4eg6e	c0cbf11e4434	ACTIVATED	223.101.114.254	2024-04-23T02:58:02.000Z
tn1czr	15k4eg6e	c0cbf11e4448	ACTIVATED	175.147.202.125	2024-06-14T06:15:09.000Z
tn1czr	15k4eg6e	c0cbf11e443d	ACTIVATED	111.18.95.181	2024-06-10T01:00:24.000Z
tn1czr	15k4eg6e	c0cbf11e4433	ACTIVATED	120.219.144.232	2024-05-13T03:45:40.000Z
tn1czr	15k4eg6e	c0cbf11e4461	ACTIVATED	112.39.242.144	2024-05-04T01:12:55.000Z
tn1czr	15k4eg6e	c0cbf11e443c	ACTIVATED	112.40.181.86	2024-06-12T16:42:05.000Z
tn1czr	15k4eg6e	c0cbf11e4463	ACTIVATED	42.85.215.168	2024-06-23T11:15:49.000Z
tn1czr	15k4eg6e	c0cbf11e4480	ACTIVATED	106.42.169.253	2024-06-04T10:16:20.000Z
tn1czr	15k4eg6e	c0cbf11e444c	ACTIVATED	42.239.47.68	2024-05-19T13:46:56.000Z
tn1czr	15k4eg6e	c0cbf11e446d	ACTIVATED	42.86.85.23	2024-04-07T03:20:01.000Z
tn1czr	15k4eg6e	c0cbf11e4455	ACTIVATED	175.173.122.113	2024-05-09T07:16:40.000Z
tn1czr	15k4eg6e	c0cbf11e4456	ACTIVATED	113.225.113.58	2024-04-22T09:13:44.000Z
tn1czr	15k4eg6e	c0cbf11e444e	ACTIVATED	112.41.53.51	2024-05-29T04:38:14.000Z
tn1czr	15k4eg6e	c0cbf11e4462	ACTIVATED	112.41.198.25	2024-05-26T06:35:41.000Z
tn1czr	15k4eg6e	c0cbf11e443f	ACTIVATED	120.219.120.74	2024-05-25T11:59:40.000Z
tn1czr	15k4eg6e	c0cbf11e446b	ACTIVATED	116.139.26.163	2024-05-29T03:19:27.000Z
tn1czr	15k4eg6e	c0cbf11e448f	ACTIVATED	222.138.170.129	2024-05-23T11:09:51.000Z
tn1czr	15k4eg6e	c0cbf11e449a	ACTIVATED	171.11.213.202	2024-04-07T05:22:03.000Z
tn1czr	15k4eg6e	c0cbf11e449e	ACTIVATED	223.101.129.231	2024-05-27T09:45:57.000Z
tn1czr	15k4eg6e	c0cbf11e4486	ACTIVATED	123.245.138.140	2024-04-29T06:48:23.000Z
tn1czr	15k4eg6e	c0cbf11e4497	ACTIVATED	116.140.170.224	2024-05-10T03:26:53.000Z
tn1czr	15k4eg6e	c0cbf11e42f7	ACTIVATED	115.61.233.135	2024-05-24T13:16:07.000Z
tn1czr	15k4eg6e	c0cbf11e42fb	ACTIVATED	1.196.167.200	2024-04-10T02:19:46.000Z
tn1czr	15k4eg6e	c0cbf11e42b6	ACTIVATED	42.231.38.192	2024-04-04T03:31:16.000Z
tn1czr	15k4eg6e	c0cbf11e42b2	ACTIVATED	123.191.95.129	2024-07-02T02:42:32.000Z
tn1czr	15k4eg6e	c0cbf11e42be	ACTIVATED	223.101.82.120	2024-05-26T11:42:00.000Z
tn1czr	15k4eg6e	c0cbf11e4327	ACTIVATED	113.237.237.133	2024-04-14T05:44:28.000Z
tn1czr	15k4eg6e	c0cbf11e431f	ACTIVATED	120.219.27.235	2024-04-12T10:40:00.000Z
tn1czr	15k4eg6e	c0cbf11e42e6	ACTIVATED	182.200.112.19	2024-04-21T04:19:45.000Z
tn1czr	15k4eg6e	c0cbf11e4333	ACTIVATED	175.167.145.81	2024-04-29T03:51:02.000Z
tn1czr	15k4eg6e	c0cbf11e4332	ACTIVATED	36.113.66.146	2024-05-20T09:19:08.000Z
tn1czr	15k4eg6e	c0cbf11e41b3	ACTIVATED	123.101.100.225	2024-06-14T09:18:39.000Z
tn1czr	15k4eg6e	c0cbf11e41cd	ACTIVATED	183.204.152.69	2024-04-25T10:32:17.000Z
tn1czr	15k4eg6e	c0cbf11e41b8	ACTIVATED	116.138.218.122	2024-06-27T13:45:48.000Z
tn1czr	15k4eg6e	c0cbf11e41af	ACTIVATED	39.163.8.192	2024-05-01T08:14:05.000Z
tn1czr	15k4eg6e	c0cbf11e41a9	ACTIVATED	125.41.68.73	2024-06-15T12:54:44.000Z
tn1czr	15k4eg6e	c0cbf11e41d0	ACTIVATED	123.190.66.77	2024-06-15T13:26:24.000Z
tn1czr	15k4eg6e	c0cbf11e41b0	ACTIVATED	112.39.246.62	2024-04-25T05:08:39.000Z
tn1czr	15k4eg6e	c0cbf11e41ac	ACTIVATED	119.108.195.247	2024-06-11T02:33:59.000Z
tn1czr	15k4eg6e	c0cbf11e41dc	ACTIVATED	112.41.196.199	2024-06-11T09:04:52.000Z
tn1czr	15k4eg6e	c0cbf11e4546	ACTIVATED	36.61.168.180	2024-06-08T01:47:26.000Z
tn1czr	15k4eg6e	c0cbf11e4500	ACTIVATED	112.40.42.62	2024-06-30T08:39:22.000Z
tn1czr	15k4eg6e	c0cbf11e4b1c	ACTIVATED	123.9.169.111	2024-06-16T06:55:28.000Z
tn1czr	15k4eg6e	c0cbf11e4b11	ACTIVATED	223.90.193.34	2024-06-18T09:16:42.000Z
tn1czr	15k4eg6e	c0cbf11e4871	ACTIVATED	117.136.103.180	2024-06-18T10:11:47.000Z
tn1czr	15k4eg6e	c0cbf11e47a3	ACTIVATED	1.70.242.74	2024-06-30T14:10:37.000Z
tn1czr	15k4eg6e	c0cbf11e486d	ACTIVATED	175.168.5.18	2024-06-12T08:27:24.000Z
tn1czr	15k4eg6e	c0cbf11e4877	ACTIVATED	112.40.179.248	2024-06-21T07:51:10.000Z
tn1czr	15k4eg6e	c0cbf11e4b54	ACTIVATED	39.148.39.241	2024-05-23T04:15:03.000Z
tn1czr	15k4eg6e	c0cbf11e4623	ACTIVATED	123.186.64.95	2024-06-17T10:50:12.000Z
tn1czr	15k4eg6e	c0cbf11e463b	ACTIVATED	118.74.38.171	2024-05-28T13:16:02.000Z
tn1czr	15k4eg6e	c0cbf11e429e	ACTIVATED	182.200.118.225	2024-06-21T07:55:52.000Z
tn1czr	15k4eg6e	c0cbf11e40a8	ACTIVATED	61.176.26.80	2024-06-09T11:15:41.000Z
tn1czr	15k4eg6e	c0cbf11e40aa	ACTIVATED	120.216.94.143	2024-06-03T01:07:40.000Z
tn1czr	15k4eg6e	c0cbf11e4056	ACTIVATED	39.144.168.61	2024-05-28T09:08:42.000Z
tn1czr	15k4eg6e	c0cbf11e4047	ACTIVATED	182.200.167.46	2024-06-11T09:21:07.000Z
tn1czr	15k4eg6e	c0cbf11e405a	ACTIVATED	39.144.58.197	2024-06-16T08:20:30.000Z
tn1czr	15k4eg6e	c0cbf11e4062	ACTIVATED	223.91.4.5	2024-06-28T04:37:00.000Z
tn1czr	15k4eg6e	c0cbf11e410e	ACTIVATED	112.39.183.145	2024-06-23T06:17:00.000Z
tn1czr	15k4eg6e	c0cbf11e4121	ACTIVATED	27.189.240.36	2024-06-08T10:53:08.000Z
tn1czr	15k4eg6e	c0cbf11e4122	ACTIVATED	36.159.190.45	2024-06-08T09:28:20.000Z
tn1czr	15k4eg6e	c0cbf11e4109	ACTIVATED	115.60.1.214	2024-06-22T05:43:22.000Z
tn1czr	15k4eg6e	c0cbf11e409b	ACTIVATED	36.4.171.182	2024-06-09T06:42:50.000Z
tn1czr	15k4eg6e	c0cbf11e40c8	ACTIVATED	39.149.191.12	2024-06-20T11:19:49.000Z
tn1czr	15k4eg6e	c0cbf11e40b5	ACTIVATED	171.44.160.110	2024-06-07T08:01:38.000Z
tn1czr	15k4eg6e	c0cbf11e40c0	ACTIVATED	39.144.38.253	2024-06-14T09:18:54.000Z
tn1czr	15k4eg6e	c0cbf11e430f	ACTIVATED	120.208.77.230	2024-05-24T15:59:49.000Z
tn1czr	15k4eg6e	c0cbf11e42ff	ACTIVATED	42.179.35.204	2024-06-10T11:59:34.000Z
tn1czr	15k4eg6e	c0cbf11e40d3	ACTIVATED	223.88.207.109	2024-06-21T12:11:16.000Z
tn1czr	15k4eg6e	c0cbf11e429c	ACTIVATED	114.253.216.67	2024-06-23T08:40:27.000Z
tn1czr	15k4eg6e	c0cbf11e4292	ACTIVATED	223.90.221.95	2024-06-16T03:21:09.000Z
tn1czr	15k4eg6e	c0cbf11e410a	ACTIVATED	36.60.192.174	2024-06-14T06:20:58.000Z
tn1czr	15k4eg6e	c0cbf11e4290	ACTIVATED	123.149.31.146	2024-06-10T13:43:01.000Z
tn1czr	15k4eg6e	9015641018a7	ACTIVATED	223.98.42.23	2024-06-14T12:35:24.000Z
tn1czr	15k4eg6e	901564101822	ACTIVATED	223.88.125.225	2024-06-04T04:34:50.000Z
tn1czr	15k4eg6e	9015641011d2	ACTIVATED	123.9.166.112	2024-05-19T08:29:31.000Z
tn1czr	15k4eg6e	9015641011df	ACTIVATED	223.104.186.110	2024-05-26T07:32:08.000Z
tn1czr	15k4eg6e	9015641011c7	ACTIVATED	223.246.86.61	2024-05-17T03:04:40.000Z
tn1czr	15k4eg6e	9015641011db	ACTIVATED	223.90.170.87	2024-06-30T01:07:31.000Z
tn1czr	15k4eg6e	901564101203	ACTIVATED	118.77.19.35	2024-06-09T06:56:49.000Z
tn1czr	15k4eg6e	901564102464	ACTIVATED	101.30.41.29	2024-05-22T07:00:50.000Z
tn1czr	15k4eg6e	901564100f96	ACTIVATED	116.178.48.40	2024-07-01T08:35:45.000Z
tn1czr	15k4eg6e	901564100f93	ACTIVATED	120.219.83.90	2024-05-21T04:51:28.000Z
tn1czr	15k4eg6e	90156410101a	ACTIVATED	36.143.108.135	2024-06-25T02:00:43.000Z
tn1czr	15k4eg6e	901564100f80	ACTIVATED	223.89.58.161	2024-06-06T10:29:41.000Z
tn1czr	15k4eg6e	901564100fe5	ACTIVATED	42.5.115.33	2024-06-24T14:15:27.000Z
tn1czr	15k4eg6e	9015641010ed	ACTIVATED	120.7.158.119	2024-06-29T04:04:01.000Z
tn1czr	15k4eg6e	9015641010ec	ACTIVATED	223.102.121.31	2024-06-26T01:02:48.000Z
tn1czr	15k4eg6e	9015641010e9	ACTIVATED	113.232.168.120	2024-06-06T01:41:19.000Z
tn1czr	15k4eg6e	9015641010f6	ACTIVATED	39.144.168.23	2024-05-14T18:57:48.000Z
tn1czr	15k4eg6e	90156410100b	ACTIVATED	42.249.167.220	2024-06-16T05:17:11.000Z
tn1czr	15k4eg6e	9015641002ed	ACTIVATED	42.178.90.110	2024-06-15T10:15:59.000Z
tn1czr	15k4eg6e	901564100316	ACTIVATED	182.204.6.60	2024-06-20T03:19:11.000Z
tn1czr	15k4eg6e	90156410052e	ACTIVATED	120.219.89.161	2024-06-06T13:35:51.000Z
tn1czr	15k4eg6e	901564100308	ACTIVATED	115.53.3.86	2024-05-15T05:28:52.000Z
tn1czr	15k4eg6e	90156410053c	ACTIVATED	120.216.76.176	2024-06-19T13:19:31.000Z
tn1czr	15k4eg6e	9015641022d4	ACTIVATED	223.104.170.151	2024-05-25T07:13:59.000Z
tn1czr	15k4eg6e	9015641021fe	ACTIVATED	60.221.141.84	2024-05-22T02:43:32.000Z
tn1czr	15k4eg6e	901564102263	ACTIVATED	123.245.139.155	2024-06-26T08:30:09.000Z
tn1czr	15k4eg6e	9015641021f4	ACTIVATED	113.229.154.209	2024-06-25T07:25:43.000Z
tn1czr	15k4eg6e	9015641022b6	ACTIVATED	113.236.226.76	2024-06-21T14:52:36.000Z
tn1czr	15k4eg6e	9015641022ce	ACTIVATED	182.123.155.177	2024-06-13T08:39:21.000Z
tn1czr	15k4eg6e	9015641021f6	ACTIVATED	120.219.27.125	2024-06-22T11:11:37.000Z
tn1czr	15k4eg6e	9015641021f3	ACTIVATED	1.198.239.112	2024-07-01T11:29:14.000Z
tn1czr	15k4eg6e	9015641022ee	ACTIVATED	223.101.154.61	2024-07-01T11:27:11.000Z
tn1czr	15k4eg6e	9015641022ec	ACTIVATED	115.52.84.162	2024-06-16T12:25:01.000Z
tn1czr	15k4eg6e	90156410227f	ACTIVATED	183.197.143.138	2024-06-21T13:28:47.000Z
tn1czr	15k4eg6e	901564102237	ACTIVATED	106.118.45.136	2024-06-30T02:54:23.000Z
tn1czr	15k4eg6e	9015641022e7	ACTIVATED	39.144.109.73	2024-06-26T02:21:10.000Z
tn1czr	15k4eg6e	9015641021e9	ACTIVATED	171.115.205.114	2024-06-29T05:42:03.000Z
tn1czr	15k4eg6e	9015641022e0	ACTIVATED	171.14.167.134	2024-05-29T03:27:05.000Z
tn1czr	15k4eg6e	901564102283	ACTIVATED	39.144.168.21	2024-04-30T01:46:54.000Z
tn1czr	15k4eg6e	901564102291	ACTIVATED	42.56.131.190	2024-06-11T11:48:57.000Z
tn1czr	15k4eg6e	901564102295	ACTIVATED	223.90.159.158	2024-06-27T23:54:09.000Z
tn1czr	15k4eg6e	9015641022b2	ACTIVATED	39.149.209.38	2024-05-13T02:53:22.000Z
tn1czr	15k4eg6e	901564101f0b	ACTIVATED	123.15.191.87	2024-06-20T14:23:34.000Z
tn1czr	15k4eg6e	901564101f11	ACTIVATED	124.238.148.175	2024-06-16T01:58:01.000Z
tn1czr	15k4eg6e	9015641023c0	ACTIVATED	183.198.152.16	2024-06-20T05:31:31.000Z
tn1czr	15k4eg6e	901564102083	ACTIVATED	39.144.160.95	2024-06-03T12:22:00.000Z
tn1czr	15k4eg6e	90156410224c	ACTIVATED	27.189.161.66	2024-06-03T02:15:21.000Z
tn1czr	15k4eg6e	901564102249	ACTIVATED	120.216.217.144	2024-05-21T04:20:10.000Z
tn1czr	15k4eg6e	901564102138	ACTIVATED	115.61.66.250	2024-06-18T05:59:11.000Z
tn1czr	15k4eg6e	901564102135	ACTIVATED	123.4.151.201	2024-06-20T10:47:55.000Z
tn1czr	15k4eg6e	90156410224b	ACTIVATED	117.176.9.137	2024-05-28T05:19:36.000Z
tn1czr	15k4eg6e	90156410222a	ACTIVATED	42.233.177.124	2024-06-25T10:55:47.000Z
tn1czr	15k4eg6e	901564102181	ACTIVATED	112.40.127.135	2024-06-29T04:34:34.000Z
tn1czr	15k4eg6e	901564102176	ACTIVATED	111.17.138.66	2024-06-17T08:22:03.000Z
tn1czr	15k4eg6e	901564102228	ACTIVATED	116.117.9.25	2024-06-30T03:47:07.000Z
tn1czr	15k4eg6e	9015641020b6	ACTIVATED	223.102.206.187	2024-06-04T07:46:27.000Z
tn1czr	15k4eg6e	901564102231	ACTIVATED	39.144.168.14	2024-05-21T00:18:08.000Z
tn1czr	15k4eg6e	901564102221	ACTIVATED	112.39.87.203	2024-06-03T07:09:27.000Z
tn1czr	15k4eg6e	9015641023e7	ACTIVATED	112.32.199.145	2024-05-30T11:18:07.000Z
tn1czr	15k4eg6e	901564102411	ACTIVATED	223.91.60.244	2024-05-23T05:17:37.000Z
tn1czr	15k4eg6e	901564102413	ACTIVATED	223.101.255.175	2024-05-27T10:56:08.000Z
tn1czr	15k4eg6e	901564101fa3	ACTIVATED	42.53.233.188	2024-06-23T04:30:51.000Z
tn1czr	15k4eg6e	90156410200a	ACTIVATED	182.204.196.165	2024-06-29T12:24:32.000Z
tn1czr	15k4eg6e	901564102011	ACTIVATED	120.216.94.20	2024-06-29T13:16:53.000Z
tn1czr	15k4eg6e	901564101c1d	ACTIVATED	112.40.42.62	2024-06-20T10:33:59.000Z
tn1czr	15k4eg6e	901564101c13	ACTIVATED	112.37.141.231	2024-06-30T02:01:59.000Z
tn1czr	15k4eg6e	901564101f93	ACTIVATED	182.116.247.126	2024-05-09T01:36:50.000Z
tn1czr	15k4eg6e	901564101c16	ACTIVATED	222.136.92.215	2024-06-15T03:44:43.000Z
tn1czr	15k4eg6e	901564101f26	ACTIVATED	112.37.117.242	2024-05-16T03:57:23.000Z
tn1czr	15k4eg6e	901564101c19	ACTIVATED	180.104.154.100	2024-06-05T07:27:46.000Z
tn1czr	15k4eg6e	901564101bed	ACTIVATED	115.53.0.216	2024-05-10T11:36:42.000Z
tn1czr	15k4eg6e	901564101bf5	ACTIVATED	223.88.29.37	2024-06-22T01:03:05.000Z
tn1czr	15k4eg6e	901564102071	ACTIVATED	110.182.52.129	2024-05-24T08:20:30.000Z
tn1czr	15k4eg6e	901564101c06	ACTIVATED	202.107.6.131	2024-06-28T12:07:16.000Z
tn1czr	15k4eg6e	901564102062	ACTIVATED	110.182.17.149	2024-06-18T04:27:35.000Z
tn1czr	15k4eg6e	901564102069	ACTIVATED	42.228.112.1	2024-06-30T04:18:00.000Z
tn1czr	15k4eg6e	901564101c05	ACTIVATED	223.88.101.18	2024-06-05T09:58:30.000Z
tn1czr	15k4eg6e	901564101bc7	ACTIVATED	120.219.83.59	2024-06-25T09:24:10.000Z
tn1czr	15k4eg6e	901564101ec4	ACTIVATED	223.101.38.88	2024-06-09T11:54:44.000Z
tn1czr	15k4eg6e	901564101ed6	ACTIVATED	113.121.219.145	2024-05-29T01:48:41.000Z
tn1czr	15k4eg6e	901564101ec9	ACTIVATED	112.36.239.243	2024-06-15T06:17:36.000Z
tn1czr	15k4eg6e	901564101ece	ACTIVATED	112.40.239.120	2024-05-21T07:22:22.000Z
tn1czr	15k4eg6e	901564101ed3	ACTIVATED	42.58.97.140	2024-06-10T12:05:08.000Z
tn1czr	15k4eg6e	901564101bd8	ACTIVATED	116.140.107.40	2024-06-24T11:54:27.000Z
tn1czr	15k4eg6e	901564101ecd	ACTIVATED	123.186.68.49	2024-06-30T06:11:45.000Z
tn1czr	15k4eg6e	901564101ee4	ACTIVATED	182.124.126.110	2024-06-18T05:46:15.000Z
tn1czr	15k4eg6e	901564101ee1	ACTIVATED	223.91.140.44	2024-06-23T11:58:31.000Z
tn1czr	15k4eg6e	901564101be8	ACTIVATED	218.23.118.22	2024-06-07T05:48:50.000Z
tn1czr	15k4eg6e	9015641020d2	ACTIVATED	36.59.252.193	2024-06-14T08:13:40.000Z
tn1czr	15k4eg6e	901564102384	ACTIVATED	39.148.94.156	2024-05-26T06:53:45.000Z
tn1czr	15k4eg6e	90156410219a	ACTIVATED	171.12.233.114	2024-06-17T23:03:34.000Z
tn1czr	15k4eg6e	9015641023f4	ACTIVATED	112.41.183.184	2024-06-22T10:17:24.000Z
tn1czr	15k4eg6e	90156410230f	ACTIVATED	36.143.63.197	2024-06-15T06:00:33.000Z
tn1czr	15k4eg6e	90156410216d	ACTIVATED	119.250.252.195	2024-05-30T02:06:25.000Z
tn1czr	15k4eg6e	901564102199	ACTIVATED	121.23.1.14	2024-06-15T05:58:53.000Z
tn1czr	15k4eg6e	901564102317	ACTIVATED	111.18.234.226	2024-06-24T03:00:40.000Z
tn1czr	15k4eg6e	901564102394	ACTIVATED	123.12.12.181	2024-06-10T10:17:56.000Z
tn1czr	15k4eg6e	9015641023a4	ACTIVATED	120.216.178.212	2024-06-21T02:12:43.000Z
tn1czr	15k4eg6e	90156410239d	ACTIVATED	112.40.114.231	2024-06-27T04:44:48.000Z
tn1czr	15k4eg6e	9015641023a2	ACTIVATED	112.241.188.15	2024-06-02T07:18:58.000Z
tn1czr	15k4eg6e	9015641021bc	ACTIVATED	122.4.41.122	2024-05-29T10:57:51.000Z
tn1czr	15k4eg6e	9015641023d4	ACTIVATED	223.101.35.17	2024-06-23T08:15:35.000Z
tn1czr	15k4eg6e	9015641023d1	ACTIVATED	111.18.205.110	2024-06-13T05:01:33.000Z
tn1czr	15k4eg6e	9015641023c7	ACTIVATED	120.208.67.146	2024-05-23T13:23:45.000Z
tn1czr	15k4eg6e	901564101a7b	ACTIVATED	112.122.209.45	2024-05-29T11:12:31.000Z
tn1czr	15k4eg6e	9015641025fb	ACTIVATED	36.33.249.177	2024-06-05T11:37:09.000Z
tn1czr	15k4eg6e	901564105a57	ACTIVATED	112.39.225.176	2024-06-27T02:07:40.000Z
tn1czr	15k4eg6e	901564105a64	ACTIVATED	113.128.205.42	2024-06-15T07:57:50.000Z
tn1czr	15k4eg6e	901564105a15	ACTIVATED	182.200.9.37	2024-06-21T12:10:19.000Z
tn1czr	15k4eg6e	90156410209b	ACTIVATED	120.225.151.43	2024-06-11T07:30:38.000Z
tn1czr	15k4eg6e	901564105a14	ACTIVATED	115.62.213.190	2024-06-17T14:19:54.000Z
tn1czr	15k4eg6e	901564105a5e	ACTIVATED	223.91.6.216	2024-06-28T10:34:16.000Z
tn1czr	15k4eg6e	901564105a6b	ACTIVATED	180.124.199.229	2024-06-24T06:57:12.000Z
tn1czr	15k4eg6e	9015641024a3	ACTIVATED	223.101.212.52	2024-06-07T08:49:03.000Z
tn1czr	15k4eg6e	901564105a4b	ACTIVATED	113.228.53.205	2024-06-20T22:27:18.000Z
tn1czr	15k4eg6e	901564105a3b	ACTIVATED	42.85.240.178	2024-06-13T07:53:31.000Z
tn1czr	15k4eg6e	901564105a37	ACTIVATED	112.38.50.197	2024-06-14T06:44:58.000Z
tn1czr	15k4eg6e	901564105a48	ACTIVATED	223.91.109.201	2024-06-18T04:16:23.000Z
tn1czr	15k4eg6e	901564105a3a	ACTIVATED	112.42.79.157	2024-06-17T12:55:15.000Z
tn1czr	15k4eg6e	901564105a40	ACTIVATED	39.144.168.10	2024-05-21T01:43:49.000Z
tn1czr	15k4eg6e	901564105a7b	ACTIVATED	115.55.18.216	2024-06-04T07:42:18.000Z
tn1czr	15k4eg6e	9015641025e9	ACTIVATED	115.58.238.196	2024-05-28T07:27:05.000Z
tn1czr	15k4eg6e	901564102495	ACTIVATED	39.149.51.161	2024-06-09T02:51:17.000Z
tn1czr	15k4eg6e	901564105a83	ACTIVATED	42.233.53.136	2024-06-01T12:21:13.000Z
tn1czr	15k4eg6e	9015641058f3	ACTIVATED	115.58.227.125	2024-06-19T05:17:08.000Z
tn1czr	15k4eg6e	90156410591d	ACTIVATED	110.182.129.174	2024-06-10T16:18:46.000Z
tn1czr	15k4eg6e	901564105906	ACTIVATED	183.206.112.133	2024-06-16T11:52:26.000Z
tn1czr	15k4eg6e	901564105917	ACTIVATED	36.113.37.179	2024-06-20T12:10:19.000Z
tn1czr	15k4eg6e	901564105914	ACTIVATED	123.161.53.183	2024-06-18T02:26:09.000Z
tn1czr	15k4eg6e	90156410591a	ACTIVATED	120.225.164.61	2024-05-19T03:41:36.000Z
tn1czr	15k4eg6e	9015641058f0	ACTIVATED	223.102.115.184	2024-06-22T01:35:00.000Z
tn1czr	15k4eg6e	9015641058d5	ACTIVATED	223.89.154.217	2024-05-20T05:26:49.000Z
tn1czr	15k4eg6e	9015641058c9	ACTIVATED	223.90.227.174	2024-06-19T03:24:57.000Z
tn1czr	15k4eg6e	90156410243f	ACTIVATED	112.37.122.21	2024-06-12T10:44:26.000Z
tn1czr	15k4eg6e	901564101c07	ACTIVATED	39.70.254.130	2024-06-12T14:41:17.000Z
tn1czr	15k4eg6e	901564101fec	ACTIVATED	1.27.45.186	2024-05-26T07:24:56.000Z
tn1czr	15k4eg6e	901564101c23	ACTIVATED	182.46.181.189	2024-06-14T02:56:42.000Z
tn1czr	15k4eg6e	9015641023c3	ACTIVATED	39.144.168.28	2024-05-28T19:51:21.000Z
tn1czr	15k4eg6e	90156410212c	ACTIVATED	112.8.81.175	2024-06-25T02:11:25.000Z
tn1czr	15k4eg6e	901564104dd0	ACTIVATED	39.144.168.15	2024-06-09T13:54:40.000Z
tn1czr	15k4eg6e	901564105085	ACTIVATED	112.38.45.66	2024-06-09T10:50:23.000Z
tn1czr	15k4eg6e	9015641051a8	ACTIVATED	183.200.39.146	2024-06-26T13:34:26.000Z
tn1czr	15k4eg6e	901564101b58	ACTIVATED	60.221.114.134	2024-06-26T11:56:58.000Z
tn1czr	15k4eg6e	9015641059c7	ACTIVATED	36.47.76.195	2024-06-28T02:16:53.000Z
tn1czr	15k4eg6e	901564101ae0	ACTIVATED	110.182.137.112	2024-07-01T09:02:03.000Z
tn1czr	15k4eg6e	901564101f68	ACTIVATED	1.48.254.230	2024-06-12T04:59:14.000Z
tn1czr	15k4eg6e	901564101f6b	ACTIVATED	39.162.164.10	2024-05-25T07:44:13.000Z
tn1czr	15k4eg6e	901564104a33	ACTIVATED	111.18.120.40	2024-06-13T16:04:18.000Z
tn1czr	15k4eg6e	901564104ac3	ACTIVATED	120.216.241.15	2024-06-08T08:52:59.000Z
tn1czr	15k4eg6e	901564104a28	ACTIVATED	182.127.193.4	2024-05-31T07:36:41.000Z
tn1czr	15k4eg6e	901564104a24	ACTIVATED	39.146.98.122	2024-05-30T09:12:33.000Z
tn1czr	15k4eg6e	9015641047aa	ACTIVATED	112.40.127.97	2024-06-24T10:31:18.000Z
tn1czr	15k4eg6e	9015641047ac	ACTIVATED	119.178.76.152	2024-06-12T07:22:59.000Z
tn1czr	15k4eg6e	9015641047c5	ACTIVATED	111.16.140.137	2024-05-23T10:45:34.000Z
tn1czr	15k4eg6e	901564104a42	ACTIVATED	114.234.96.68	2024-06-17T13:27:54.000Z
tn1czr	15k4eg6e	90156410479c	ACTIVATED	175.147.216.23	2024-06-14T03:41:05.000Z
tn1czr	15k4eg6e	9015641047a9	ACTIVATED	112.40.179.132	2024-06-13T04:29:10.000Z
tn1czr	15k4eg6e	9015641047e3	ACTIVATED	42.226.85.39	2024-06-26T06:49:34.000Z
tn1czr	15k4eg6e	9015641047e5	ACTIVATED	223.102.130.23	2024-06-19T10:35:03.000Z
tn1czr	15k4eg6e	9015641047b0	ACTIVATED	112.37.116.251	2024-05-05T07:13:55.000Z
tn1czr	15k4eg6e	9015641047b3	ACTIVATED	42.87.62.9	2024-06-19T01:12:27.000Z
tn1czr	15k4eg6e	901564104af5	ACTIVATED	182.32.153.17	2024-06-06T05:06:44.000Z
tn1czr	15k4eg6e	901564104d7d	ACTIVATED	223.102.128.17	2024-06-19T02:40:13.000Z
tn1czr	15k4eg6e	9015641047b6	ACTIVATED	171.9.36.22	2024-05-24T07:35:05.000Z
tn1czr	15k4eg6e	901564101348	ACTIVATED	115.58.44.82	2024-06-23T02:56:02.000Z
tn1czr	15k4eg6e	901564104a92	ACTIVATED	115.58.225.126	2024-05-24T04:54:12.000Z
tn1czr	15k4eg6e	90156410132b	ACTIVATED	223.90.212.15	2024-05-30T04:29:27.000Z
tn1czr	15k4eg6e	9015641046de	ACTIVATED	223.104.10.247	2024-04-29T08:34:21.000Z
tn1czr	15k4eg6e	9015641046f4	ACTIVATED	113.201.119.220	2024-05-30T11:20:53.000Z
tn1czr	15k4eg6e	901564104b25	ACTIVATED	111.18.109.103	2024-06-12T04:17:36.000Z
tn1czr	15k4eg6e	9015641014c1	ACTIVATED	139.201.211.141	2024-05-28T01:52:26.000Z
tn1czr	15k4eg6e	901564101730	ACTIVATED	115.217.5.230	2024-06-12T06:23:02.000Z
tn1czr	15k4eg6e	9015641014c6	ACTIVATED	1.192.237.198	2024-06-14T22:58:53.000Z
tn1czr	15k4eg6e	901564101733	ACTIVATED	60.19.229.225	2024-05-31T04:11:14.000Z
tn1czr	15k4eg6e	90156410133e	ACTIVATED	36.46.111.199	2024-06-28T02:44:51.000Z
tn1czr	15k4eg6e	9015641021ae	ACTIVATED	36.113.66.126	2024-06-11T08:59:20.000Z
tn1czr	15k4eg6e	9015641014c3	ACTIVATED	36.5.132.110	2024-06-14T06:32:52.000Z
tn1czr	15k4eg6e	9015641014c2	ACTIVATED	106.114.104.41	2024-05-30T07:23:09.000Z
tn1czr	15k4eg6e	901564105129	ACTIVATED	39.155.22.132	2024-06-24T03:04:52.000Z
tn1czr	15k4eg6e	90156410149b	ACTIVATED	39.70.5.93	2024-06-13T02:28:04.000Z
tn1czr	15k4eg6e	901564105140	ACTIVATED	114.234.94.87	2024-06-07T10:55:46.000Z
tn1czr	15k4eg6e	901564105030	ACTIVATED	120.219.24.73	2024-06-01T06:28:05.000Z
tn1czr	15k4eg6e	9015641051cb	ACTIVATED	113.236.1.40	2024-06-18T15:13:14.000Z
tn1czr	15k4eg6e	901564105133	ACTIVATED	110.182.140.3	2024-06-07T02:26:04.000Z
tn1czr	15k4eg6e	90156410513b	ACTIVATED	112.241.255.33	2024-06-16T07:34:44.000Z
tn1czr	15k4eg6e	901564105147	ACTIVATED	112.37.228.71	2024-05-08T08:49:43.000Z
tn1czr	15k4eg6e	9015641051db	ACTIVATED	39.163.48.67	2024-06-09T09:26:40.000Z
tn1czr	15k4eg6e	901564105170	ACTIVATED	120.225.49.148	2024-06-11T08:35:17.000Z
tn1czr	15k4eg6e	901564105023	ACTIVATED	123.234.201.110	2024-05-30T02:38:30.000Z
tn1czr	15k4eg6e	901564105027	ACTIVATED	182.46.166.31	2024-05-23T02:04:12.000Z
tn1czr	15k4eg6e	901564104fab	ACTIVATED	39.151.112.50	2024-06-19T08:29:31.000Z
tn1czr	15k4eg6e	901564105122	ACTIVATED	111.34.106.254	2024-06-02T08:42:29.000Z
tn1czr	15k4eg6e	901564105124	ACTIVATED	112.24.62.90	2024-06-04T06:50:15.000Z
tn1czr	15k4eg6e	90156410508f	ACTIVATED	42.179.205.185	2024-06-24T10:55:26.000Z
tn1czr	15k4eg6e	901564105202	ACTIVATED	39.144.168.13	2024-05-21T01:18:42.000Z
tn1czr	15k4eg6e	9015641051fe	ACTIVATED	61.168.168.172	2024-06-22T11:52:13.000Z
tn1czr	15k4eg6e	9015641051fc	ACTIVATED	42.178.236.53	2024-05-24T02:59:40.000Z
tn1czr	15k4eg6e	901564105211	ACTIVATED	171.9.36.8	2024-06-27T06:36:34.000Z
tn1czr	15k4eg6e	901564105121	ACTIVATED	223.89.56.143	2024-06-02T08:25:39.000Z
tn1czr	15k4eg6e	901564102d59	ACTIVATED	1.192.236.193	2024-06-16T11:12:21.000Z
tn1czr	15k4eg6e	901564102c8c	ACTIVATED	39.149.181.100	2024-07-01T07:47:19.000Z
tn1czr	15k4eg6e	901564102c81	ACTIVATED	39.149.45.98	2024-06-16T01:00:40.000Z
tn1czr	15k4eg6e	901564102d3c	ACTIVATED	115.61.91.51	2024-06-08T07:42:40.000Z
tn1czr	15k4eg6e	901564103935	ACTIVATED	39.162.253.85	2024-06-10T11:45:09.000Z
tn1czr	15k4eg6e	90156410393c	ACTIVATED	39.163.218.70	2024-06-30T10:10:14.000Z
tn1czr	15k4eg6e	901564102c13	ACTIVATED	123.171.3.130	2024-05-21T02:03:40.000Z
tn1czr	15k4eg6e	901564102c49	ACTIVATED	42.179.47.102	2024-06-14T06:14:54.000Z
tn1czr	15k4eg6e	901564102c4f	ACTIVATED	39.148.80.33	2024-06-09T01:27:19.000Z
tn1czr	15k4eg6e	901564103939	ACTIVATED	123.245.139.155	2024-06-26T08:26:53.000Z
tn1czr	15k4eg6e	901564102c8d	ACTIVATED	182.118.115.105	2024-06-23T10:19:57.000Z
tn1czr	15k4eg6e	9015641038d6	ACTIVATED	123.245.139.12	2024-06-19T07:58:36.000Z
tn1czr	15k4eg6e	901564102fba	ACTIVATED	182.133.153.88	2024-06-25T08:27:11.000Z
tn1czr	15k4eg6e	901564102d24	ACTIVATED	182.122.79.31	2024-05-24T03:40:23.000Z
tn1czr	15k4eg6e	901564103986	ACTIVATED	183.216.27.232	2024-07-01T02:48:27.000Z
tn1czr	15k4eg6e	901564103a51	ACTIVATED	123.9.163.60	2024-06-23T15:14:19.000Z
tn1czr	15k4eg6e	9015641039c2	ACTIVATED	171.8.216.153	2024-06-20T04:04:53.000Z
tn1czr	15k4eg6e	9015641038a6	ACTIVATED	182.116.202.135	2024-06-13T10:30:42.000Z
tn1czr	15k4eg6e	901564103b24	ACTIVATED	182.116.200.251	2024-06-16T01:32:31.000Z
tn1czr	15k4eg6e	9015641034bc	ACTIVATED	124.128.253.51	2024-06-28T08:12:37.000Z
tn1czr	15k4eg6e	901564103acd	ACTIVATED	39.148.22.129	2024-06-17T13:06:20.000Z
tn1czr	15k4eg6e	901564103956	ACTIVATED	39.146.103.238	2024-06-30T08:59:10.000Z
tn1czr	15k4eg6e	90156410395f	ACTIVATED	223.89.47.217	2024-06-23T04:14:11.000Z
tn1czr	15k4eg6e	901564103685	ACTIVATED	61.53.76.5	2024-06-03T02:32:54.000Z
tn1czr	15k4eg6e	90156410391d	ACTIVATED	36.159.189.172	2024-06-29T07:43:33.000Z
tn1czr	15k4eg6e	90156410390d	ACTIVATED	39.149.165.252	2024-06-24T00:12:55.000Z
tn1czr	15k4eg6e	901564103913	ACTIVATED	115.49.247.53	2024-06-11T08:41:26.000Z
tn1czr	15k4eg6e	901564103924	ACTIVATED	218.71.255.126	2024-06-05T03:10:56.000Z
tn1czr	15k4eg6e	901564103621	ACTIVATED	39.163.130.183	2024-06-19T03:46:19.000Z
tn1czr	15k4eg6e	901564103915	ACTIVATED	42.224.149.54	2024-06-24T03:23:00.000Z
tn1czr	15k4eg6e	901564103627	ACTIVATED	223.104.108.156	2024-06-16T13:25:25.000Z
tn1czr	15k4eg6e	901564103630	ACTIVATED	39.162.168.126	2024-06-15T10:41:36.000Z
tn1czr	15k4eg6e	901564103b2a	ACTIVATED	122.143.163.203	2024-06-28T03:53:07.000Z
tn1czr	15k4eg6e	901564103ad3	ACTIVATED	39.144.168.10	2024-06-28T14:08:33.000Z
tn1czr	15k4eg6e	90156410156f	ACTIVATED	39.144.168.40	2024-06-25T21:09:12.000Z
tn1czr	15k4eg6e	901564103726	ACTIVATED	118.73.115.27	2024-06-20T14:21:18.000Z
tn1czr	15k4eg6e	9015641036fe	ACTIVATED	223.89.16.214	2024-05-20T09:39:56.000Z
tn1czr	15k4eg6e	9015641036b0	ACTIVATED	42.226.72.74	2024-06-23T01:26:14.000Z
tn1czr	15k4eg6e	9015641035b5	ACTIVATED	39.144.168.49	2024-04-30T10:27:50.000Z
