client_ip,pro,city
115.194.10.49,浙江省,杭州市
112.17.238.73,浙江省,杭州市
183.136.152.218,浙江省,宁波市
223.104.161.212,浙江省,宁波市
61.153.149.52,浙江省,宁波市
112.245.17.74,山东省,泰安市
61.153.149.52,浙江省,宁波市
61.153.149.52,浙江省,宁波市
117.44.180.72,江西省,南昌市
61.153.149.52,浙江省,宁波市
223.11.218.96,山西省,太原市
221.194.153.69,河北省,廊坊市
223.104.161.129,浙江省,宁波市
42.53.58.197,辽宁省,阜新市
223.91.62.28,河南省,周口市
61.153.149.52,浙江省,宁波市
223.89.132.19,河南省,驻马店市
61.153.149.52,浙江省,宁波市
218.205.55.162,浙江省,宁波市
61.153.149.52,浙江省,宁波市
61.153.149.52,浙江省,宁波市
61.153.149.52,浙江省,宁波市
39.163.218.43,河南省,许昌市
61.153.149.52,浙江省,宁波市
61.153.149.52,浙江省,宁波市
61.153.149.52,浙江省,宁波市
61.153.149.52,浙江省,宁波市
61.153.149.52,浙江省,宁波市
61.153.149.52,浙江省,宁波市
61.153.149.52,浙江省,宁波市
61.153.149.52,浙江省,宁波市
61.153.149.52,浙江省,宁波市
223.104.161.67,浙江省,宁波市
58.246.155.29,上海市,上海市
61.153.149.52,浙江省,宁波市
61.153.149.52,浙江省,宁波市
124.160.153.126,浙江省,杭州市
123.149.179.237,河南省,平顶山市
112.39.193.226,辽宁省,阜新市
39.163.223.177,河南省,许昌市
36.99.91.145,河南省,焦作市
120.216.76.160,河南省,驻马店市
223.90.29.6,河南省,焦作市
223.90.250.12,河南省,许昌市
112.39.24.20,辽宁省,盘锦市
115.49.192.173,河南省,商丘市
112.47.243.141,福建省,泉州市
120.219.99.241,河南省,商丘市
120.219.238.64,河南省,新乡市
182.123.152.103,河南省,周口市
1.197.233.114,河南省,周口市
223.90.223.133,河南省,许昌市
112.47.171.56,福建省,泉州市
106.42.117.186,河南省,周口市
120.219.66.20,河南省,周口市
115.52.15.167,河南省,驻马店市
123.12.13.19,河南省,商丘市
223.89.139.204,河南省,驻马店市
42.4.203.183,辽宁省,盘锦市
110.81.39.5,福建省,泉州市
1.196.164.90,河南省,周口市
120.219.141.38,河南省,许昌市
115.59.174.207,河南省,平顶山市
223.89.217.175,河南省,商丘市
120.219.79.96,河南省,周口市
222.141.90.92,河南省,鹤壁市
222.141.91.191,河南省,鹤壁市
39.148.136.141,河南省,许昌市
223.91.8.29,河南省,周口市
223.90.239.140,河南省,许昌市
223.102.252.205,辽宁省,辽阳市
113.239.54.130,辽宁省,辽阳市
120.219.178.68,河南省,安阳市
42.226.240.240,河南省,焦作市
42.58.118.186,辽宁省,阜新市
39.149.145.202,河南省,许昌市
39.163.218.31,河南省,许昌市
120.243.41.214,安徽省,亳州市
61.176.178.222,辽宁省,营口市
120.216.178.172,河南省,鹤壁市
39.149.150.103,河南省,许昌市
36.113.114.98,江苏省,南京市
223.101.183.63,辽宁省,阜新市
1.198.236.135,河南省,周口市
112.40.63.85,辽宁省,营口市
106.46.40.88,河南省,焦作市
171.8.216.230,河南省,漯河市
39.163.194.71,河南省,许昌市
123.161.145.85,河南省,许昌市
42.234.54.194,河南省,焦作市
1.192.208.127,河南省,驻马店市
112.17.238.73,浙江省,杭州市
118.122.137.156,四川省,绵阳市
42.228.114.12,河南省,商丘市
115.52.13.185,河南省,驻马店市
113.249.33.197,重庆市,重庆市
223.101.190.37,辽宁省,阜新市
223.101.27.226,辽宁省,沈阳市
1.198.238.162,河南省,周口市
39.151.106.54,河南省,信阳市
175.149.202.128,辽宁省,阜新市
113.228.80.147,辽宁省,铁岭市
42.52.214.51,辽宁省,葫芦岛市
115.60.111.244,河南省,郑州市
183.197.146.241,河北省,廊坊市
1.182.251.76,内蒙古自治区,兴安盟
123.10.145.247,河南省,商丘市
112.40.144.127,辽宁省,丹东市
123.14.224.149,河南省,郑州市
223.90.48.22,河南省,焦作市
123.246.178.71,辽宁省,辽阳市
112.40.156.220,辽宁省,丹东市
115.60.44.134,河南省,郑州市
123.149.32.78,河南省,郑州市
42.53.239.23,辽宁省,沈阳市
42.178.232.120,辽宁省,盘锦市
39.163.194.38,河南省,许昌市
223.104.161.85,浙江省,宁波市
171.9.54.53,河南省,商丘市
123.10.90.145,河南省,漯河市
106.42.166.116,河南省,商丘市
1.197.133.192,河南省,许昌市
171.11.214.143,河南省,驻马店市
1.180.4.7,内蒙古,呼和浩特市
120.216.254.237,河南省,平顶山市
120.219.30.6,河南省,平顶山市
123.161.55.155,河南省,安阳市
42.239.123.81,河南省,商丘市
223.91.22.113,河南省,周口市
61.153.149.52,浙江省,宁波市
223.104.161.62,浙江省,宁波市
218.90.238.250,江苏省,泰州市
171.14.77.250,河南省,濮阳市
211.90.251.191,浙江省,宁波市
106.89.169.152,重庆市,重庆市
125.65.150.179,四川省,泸州市
223.150.83.245,湖南省,常德市
106.42.165.181,河南省,商丘市
183.217.104.5,江西省,上饶市
114.99.219.194,安徽省,滁州市
223.101.105.192,辽宁省,锦州市
114.224.212.107,江苏省,无锡市
223.160.223.178,北京市,北京市
220.166.167.126,四川省,达州市
223.101.182.214,辽宁省,阜新市
42.237.238.45,河南省,平顶山市
58.219.86.173,江苏省,无锡市
112.39.63.152,辽宁省,葫芦岛市
112.17.238.73,浙江省,杭州市
120.219.73.205,河南省,周口市
115.60.65.55,河南省,郑州市
182.204.150.102,辽宁省,盘锦市
123.186.213.64,辽宁省,丹东市
223.102.246.123,辽宁省,辽阳市
223.104.108.237,河南省,开封市
114.244.192.241,北京市,北京市
118.114.215.17,四川省,成都市
182.105.179.34,江西省,上饶市
117.67.149.211,安徽省,合肥市
114.92.7.92,上海市,上海市
120.206.108.147,江西省,上饶市
222.209.248.197,四川省,成都市
182.96.235.244,江西省,南昌市
182.145.187.86,四川省,成都市
39.144.43.107,上海市,上海市
223.104.122.108,湖北省,武汉市
114.220.136.226,江苏省,苏州市
112.111.24.69,福建省,福州市
114.103.202.132,安徽省,合肥市
139.201.156.78,四川省,资阳市
223.87.221.245,四川省,成都市
123.158.254.225,浙江省,嘉兴市
125.69.124.73,四川省,成都市
27.17.86.11,湖北省,武汉市
36.98.128.0,河北省,石家庄市
27.12.163.40,重庆市,重庆市
36.21.68.145,浙江省,杭州市
183.227.184.43,重庆市,重庆市
219.153.144.60,重庆市,重庆市
112.111.193.44,福建省,宁德市
106.6.127.239,江西省,上饶市
183.229.179.93,重庆市,重庆市
110.85.67.1,福建省,莆田市
39.144.133.234,广西,南宁市
123.245.180.53,辽宁省,盘锦市
223.102.41.5,辽宁省,大连市
113.225.113.58,辽宁省,沈阳市
223.90.29.14,河南省,焦作市
120.216.164.119,河南省,鹤壁市
223.101.114.254,辽宁省,锦州市
175.147.202.125,辽宁省,营口市
111.18.95.181,陕西省,西安市
120.219.144.232,河南省,商丘市
112.39.242.144,辽宁省,葫芦岛市
112.40.181.86,辽宁省,营口市
42.85.215.168,辽宁省,营口市
106.42.169.253,河南省,商丘市
42.239.47.68,河南省,驻马店市
42.86.85.23,辽宁省,辽阳市
175.173.122.113,辽宁省,营口市
113.225.113.58,辽宁省,沈阳市
112.41.53.51,辽宁省,沈阳市
112.41.198.25,辽宁省,盘锦市
120.219.120.74,河南省,郑州市
116.139.26.163,辽宁省,阜新市
222.138.170.129,河南省,商丘市
171.11.213.202,河南省,驻马店市
223.101.129.231,辽宁省,锦州市
123.245.138.140,辽宁省,阜新市
116.140.170.224,辽宁省,葫芦岛市
115.61.233.135,河南省,周口市
1.196.167.200,河南省,周口市
42.231.38.192,河南省,周口市
123.191.95.129,辽宁省,沈阳市
223.101.82.120,辽宁省,沈阳市
113.237.237.133,辽宁省,辽阳市
120.219.27.235,河南省,平顶山市
182.200.112.19,辽宁省,沈阳市
175.167.145.81,辽宁省,沈阳市
36.113.66.146,江苏省,南京市
123.101.100.225,河南省,南阳市
183.204.152.69,河南省,驻马店市
116.138.218.122,辽宁省,葫芦岛市
39.163.8.192,河南省,周口市
125.41.68.73,河南省,郑州市
123.190.66.77,辽宁省,营口市
112.39.246.62,辽宁省,葫芦岛市
119.108.195.247,辽宁省,沈阳市
112.41.196.199,辽宁省,盘锦市
36.61.168.180,安徽省,合肥市
112.40.42.62,辽宁省,营口市
123.9.169.111,河南省,许昌市
223.90.193.34,河南省,许昌市
117.136.103.180,安徽省,合肥市
1.70.242.74,山西省,阳泉市
175.168.5.18,辽宁省,沈阳市
112.40.179.248,辽宁省,营口市
39.148.39.241,河南省,驻马店市
123.186.64.95,辽宁省,抚顺市
118.74.38.171,山西省,晋中市
182.200.118.225,辽宁省,沈阳市
61.176.26.80,辽宁省,沈阳市
120.216.94.143,河南省,开封市
39.144.168.61,江西省,南昌市
182.200.167.46,辽宁省,沈阳市
39.144.58.197,辽宁省,葫芦岛市
223.91.4.5,河南省,周口市
112.39.183.145,辽宁省,阜新市
27.189.240.36,河北省,廊坊市
36.159.190.45,安徽省,亳州市
115.60.1.214,河南省,郑州市
36.4.171.182,安徽省,亳州市
39.149.191.12,河南省,平顶山市
171.44.160.110,湖北省,宜昌市
39.144.38.253,安徽省,合肥市
120.208.77.230,山西省,临汾市
42.179.35.204,辽宁省,鞍山市
223.88.207.109,河南省,安阳市
114.253.216.67,北京市,北京市
223.90.221.95,河南省,许昌市
36.60.192.174,安徽省,安庆市
123.149.31.146,河南省,郑州市
223.98.42.23,山东省,德州市
223.88.125.225,河南省,新乡市
123.9.166.112,河南省,许昌市
223.104.186.110,山东省,济宁市
223.246.86.61,安徽省,合肥市
223.90.170.87,河南省,开封市
118.77.19.35,山西省,吕梁市
101.30.41.29,河北省,廊坊市
116.178.48.40,新疆维吾尔自治区,阿克苏地区
120.219.83.90,河南省,周口市
36.143.108.135,河北省,廊坊市
223.89.58.161,河南省,濮阳市
42.5.115.33,辽宁省,辽阳市
120.7.158.119,河北省,廊坊市
223.102.121.31,辽宁省,鞍山市
113.232.168.120,辽宁省,沈阳市
39.144.168.23,江西省,南昌市
42.249.167.220,辽宁省,鞍山市
42.178.90.110,辽宁省,铁岭市
182.204.6.60,辽宁省,沈阳市
120.219.89.161,河南省,周口市
115.53.3.86,河南省,濮阳市
120.216.76.176,河南省,驻马店市
223.104.170.151,江西省,南昌市
60.221.141.84,山西省,临汾市
123.245.139.155,辽宁省,阜新市
113.229.154.209,辽宁省,鞍山市
113.236.226.76,辽宁省,本溪市
182.123.155.177,河南省,周口市
120.219.27.125,河南省,平顶山市
1.198.239.112,河南省,周口市
223.101.154.61,辽宁省,抚顺市
115.52.84.162,河南省,周口市
183.197.143.138,河北省,廊坊市
106.118.45.136,河北省,廊坊市
39.144.109.73,山东省,聊城市
171.115.205.114,湖北省,十堰市
171.14.167.134,河南省,平顶山市
39.144.168.21,江西省,南昌市
42.56.131.190,辽宁省,营口市
223.90.159.158,河南省,开封市
39.149.209.38,河南省,驻马店市
123.15.191.87,河南省,平顶山市
124.238.148.175,河北省,廊坊市
183.198.152.16,河北省,廊坊市
39.144.160.95,安徽省,阜阳市
27.189.161.66,河北省,廊坊市
120.216.217.144,河南省,平顶山市
115.61.66.250,河南省,平顶山市
123.4.151.201,河南省,安阳市
117.176.9.137,四川省,资阳市
42.233.177.124,河南省,安阳市
112.40.127.135,辽宁省,鞍山市
111.17.138.66,山东省,枣庄市
116.117.9.25,内蒙古自治区,赤峰市
223.102.206.187,辽宁省,丹东市
39.144.168.14,江西省,南昌市
112.39.87.203,辽宁省,沈阳市
112.32.199.145,安徽省,阜阳市
223.91.60.244,河南省,周口市
223.101.255.175,辽宁省,铁岭市
42.53.233.188,辽宁省,沈阳市
182.204.196.165,辽宁省,葫芦岛市
120.216.94.20,河南省,开封市
112.40.42.62,辽宁省,营口市
112.37.141.231,山东省,聊城市
182.116.247.126,河南省,濮阳市
222.136.92.215,河南省,濮阳市
112.37.117.242,山东省,聊城市
180.104.154.100,江苏省,徐州市
115.53.0.216,河南省,濮阳市
223.88.29.37,河南省,郑州市
110.182.52.129,山西省,临汾市
202.107.6.131,辽宁省,葫芦岛市
110.182.17.149,山西省,临汾市
42.228.112.1,河南省,商丘市
223.88.101.18,河南省,新乡市
120.219.83.59,河南省,周口市
223.101.38.88,辽宁省,沈阳市
113.121.219.145,山东省,德州市
112.36.239.243,山东省,济南市
112.40.239.120,辽宁省,辽阳市
42.58.97.140,辽宁省,锦州市
116.140.107.40,辽宁省,锦州市
123.186.68.49,辽宁省,抚顺市
182.124.126.110,河南省,安阳市
223.91.140.44,河南省,漯河市
218.23.118.22,安徽省,合肥市
36.59.252.193,安徽省,马鞍山市
39.148.94.156,河南省,平顶山市
171.12.233.114,河南省,驻马店市
112.41.183.184,辽宁省,朝阳市
36.143.63.197,河北省,廊坊市
119.250.252.195,河北省,廊坊市
121.23.1.14,河北省,廊坊市
111.18.234.226,陕西省,铜川市
123.12.12.181,河南省,商丘市
120.216.178.212,河南省,鹤壁市
112.40.114.231,辽宁省,鞍山市
112.241.188.15,山东省,聊城市
122.4.41.122,山东省,济南市
223.101.35.17,辽宁省,沈阳市
111.18.205.110,陕西省,宝鸡市
120.208.67.146,山西省,临汾市
112.122.209.45,安徽省,阜阳市
36.33.249.177,安徽省,亳州市
112.39.225.176,辽宁省,葫芦岛市
113.128.205.42,山东省,济南市
182.200.9.37,辽宁省,沈阳市
120.225.151.43,山东省,菏泽市
115.62.213.190,河南省,新乡市
223.91.6.216,河南省,周口市
180.124.199.229,江苏省,徐州市
223.101.212.52,辽宁省,铁岭市
113.228.53.205,辽宁省,鞍山市
42.85.240.178,辽宁省,营口市
112.38.50.197,山东省,聊城市
223.91.109.201,河南省,南阳市
112.42.79.157,辽宁省,大连市
39.144.168.10,江西省,南昌市
115.55.18.216,河南省,商丘市
115.58.238.196,河南省,平顶山市
39.149.51.161,河南省,新乡市
42.233.53.136,河南省,新乡市
115.58.227.125,河南省,平顶山市
110.182.129.174,山西省,临汾市
183.206.112.133,江苏省,徐州市
36.113.37.179,江苏省,南京市
123.161.53.183,河南省,安阳市
120.225.164.61,山东省,菏泽市
223.102.115.184,辽宁省,鞍山市
223.89.154.217,河南省,驻马店市
223.90.227.174,河南省,许昌市
112.37.122.21,山东省,聊城市
39.70.254.130,山东省,聊城市
1.27.45.186,内蒙古自治区,赤峰市
182.46.181.189,山东省,聊城市
39.144.168.28,江西省,南昌市
112.8.81.175,山东省,菏泽市
39.144.168.15,江西省,南昌市
112.38.45.66,山东省,聊城市
183.200.39.146,山西省,临汾市
60.221.114.134,山西省,临汾市
36.47.76.195,陕西省,渭南市
110.182.137.112,山西省,临汾市
1.48.254.230,贵州省,铜仁市
39.162.164.10,河南省,南阳市
111.18.120.40,陕西省,汉中市
120.216.241.15,河南省,平顶山市
182.127.193.4,河南省,驻马店市
39.146.98.122,安徽省,亳州市
112.40.127.97,辽宁省,鞍山市
119.178.76.152,山东省,聊城市
111.16.140.137,山东省,聊城市
114.234.96.68,江苏省,徐州市
175.147.216.23,辽宁省,营口市
112.40.179.132,辽宁省,营口市
42.226.85.39,河南省,鹤壁市
223.102.130.23,辽宁省,鞍山市
112.37.116.251,山东省,聊城市
42.87.62.9,辽宁省,辽阳市
182.32.153.17,山东省,德州市
223.102.128.17,辽宁省,鞍山市
171.9.36.22,河南省,驻马店市
115.58.44.82,河南省,驻马店市
115.58.225.126,河南省,平顶山市
223.90.212.15,河南省,许昌市
223.104.10.247,江西省,南昌市
113.201.119.220,陕西省,咸阳市
111.18.109.103,陕西省,宝鸡市
139.201.211.141,四川省,资阳市
115.217.5.230,浙江省,宁波市
1.192.237.198,河南省,新乡市
60.19.229.225,辽宁省,鞍山市
36.46.111.199,陕西省,渭南市
36.113.66.126,江苏省,南京市
36.5.132.110,安徽省,合肥市
106.114.104.41,河北省,石家庄市
39.155.22.132,内蒙古自治区,赤峰市
39.70.5.93,山东省,聊城市
114.234.94.87,江苏省,徐州市
120.219.24.73,河南省,平顶山市
113.236.1.40,辽宁省,鞍山市
110.182.140.3,山西省,临汾市
112.241.255.33,山东省,聊城市
112.37.228.71,山东省,菏泽市
39.163.48.67,河南省,洛阳市
120.225.49.148,山东省,聊城市
123.234.201.110,山东省,青岛市
182.46.166.31,山东省,聊城市
39.151.112.50,河南省,郑州市
111.34.106.254,山东省,济宁市
112.24.62.90,江苏省,徐州市
42.179.205.185,辽宁省,鞍山市
39.144.168.13,江西省,南昌市
61.168.168.172,河南省,濮阳市
42.178.236.53,辽宁省,盘锦市
171.9.36.8,河南省,驻马店市
223.89.56.143,河南省,濮阳市
1.192.236.193,河南省,新乡市
39.149.181.100,河南省,平顶山市
39.149.45.98,河南省,南阳市
115.61.91.51,河南省,平顶山市
39.162.253.85,河南省,平顶山市
39.163.218.70,河南省,许昌市
123.171.3.130,山东省,聊城市
42.179.47.102,辽宁省,鞍山市
39.148.80.33,河南省,平顶山市
123.245.139.155,辽宁省,阜新市
182.118.115.105,河南省,许昌市
123.245.139.12,辽宁省,阜新市
182.133.153.88,四川省,宜宾市
182.122.79.31,河南省,平顶山市
183.216.27.232,江西省,南昌市
123.9.163.60,河南省,许昌市
171.8.216.153,河南省,漯河市
182.116.202.135,河南省,濮阳市
182.116.200.251,河南省,濮阳市
124.128.253.51,山东省,济南市
39.148.22.129,河南省,南阳市
39.146.103.238,安徽省,亳州市
223.89.47.217,河南省,濮阳市
61.53.76.5,河南省,开封市
36.159.189.172,安徽省,亳州市
39.149.165.252,河南省,焦作市
115.49.247.53,河南省,商丘市
218.71.255.126,浙江省,宁波市
39.163.130.183,河南省,商丘市
42.224.149.54,河南省,洛阳市
223.104.108.156,河南省,开封市
39.162.168.126,河南省,南阳市
122.143.163.203,吉林省,白城市
39.144.168.10,江西省,南昌市
39.144.168.40,江西省,南昌市
118.73.115.27,山西省,临汾市
223.89.16.214,河南省,濮阳市
42.226.72.74,河南省,鹤壁市
39.144.168.49,江西省,南昌市
