请求id,输入时间,输出时间,总延时(ms)
2f06ee5882b14b0194931f41c450729e,2024-05-19 17:07:11.215,2024-05-19 17:07:11.651,436.00000000000006
8647a9c18b694244b28c94a7a9422c4a,2024-05-19 13:36:49.597,2024-05-19 13:36:50.030,433.00000000000006
07f475331fed489e8c241783aa14654b,2024-05-18 08:15:41.512,2024-05-18 08:15:41.927,415.00000000000006
0b9fb15ca45443aa98da8197843d5ea9,2024-05-18 09:58:06.093,2024-05-18 09:58:06.489,396.0
2f0b6213959b49fdb7e209454f9a4b9e,2024-05-18 22:19:56.241,2024-05-18 22:19:56.630,389.0
264ade473fe244afa604ed911461f710,2024-05-18 09:13:28.901,2024-05-18 09:13:29.289,388.0
b6e79285574f49878ed0580ba74e144c,2024-05-18 11:19:45.772,2024-05-18 11:19:46.154,382.0
9e26c46b519b41309c2cbdc80ce9ee90,2024-05-18 18:40:09.838,2024-05-18 18:40:10.206,368.00000000000006
c6427b4e4a764cd8af89f7e3a1b40810,2024-05-18 08:30:05.935,2024-05-18 08:30:06.299,364.00000000000006
889432a26d114b609a5663a8dc917e4e,2024-05-18 07:54:59.307,2024-05-18 07:54:59.654,347.00000000000006
